<?xml version="1.0" encoding="UTF-8"?>
<project-private xmlns="http://www.netbeans.org/ns/project-private/1">
    <editor-bookmarks xmlns="http://www.netbeans.org/ns/editor-bookmarks/2" lastBookmarkId="0"/>
    <open-files xmlns="http://www.netbeans.org/ns/projectui-open-files/2">
        <group>
            <file>file:/C:/Users/AQUINO/Documents/NetBeansProjects/UmaClasseClienteServidor/src/Servidor/IniciarServidor.java</file>
            <file>file:/C:/Users/AQUINO/Documents/NetBeansProjects/UmaClasseClienteServidor/src/Servidor/InterfaceProduto.java</file>
            <file>file:/C:/Users/AQUINO/Documents/NetBeansProjects/UmaClasseClienteServidor/src/Servidor/Produto.java</file>
            <file>file:/C:/Users/AQUINO/Documents/NetBeansProjects/UmaClasseClienteServidor/src/Cliente/IniciarCliente.java</file>
        </group>
    </open-files>
</project-private>
